Location,Admin Level,P-Code,Name,Parent P-Code,Valid from date
AFG,1,AF01,Kabul,AFG,2021-11-17
AFG,1,AF02,Kapisa,AFG,2021-11-17
AFG,1,AF03,Parwan,AFG,2021-11-17
AFG,1,AF04,Maidan Wardak,AFG,2021-11-17
AFG,1,AF05,Logar,AFG,2021-11-17
AFG,1,AF06,Nangarhar,AFG,2021-11-17
AFG,1,AF07,Laghman,AFG,2021-11-17
AFG,1,AF08,Panjsher,AFG,2021-11-17
AFG,1,AF09,Baghlan,AFG,2021-11-17
AFG,1,AF10,Bamyan,AFG,2021-11-17
AFG,1,AF11,Ghazni,AFG,2021-11-17
AFG,1,AF12,Paktika,AFG,2021-11-17
AFG,1,AF13,Paktya,AFG,2021-11-17
AFG,1,AF14,Khost,AFG,2021-11-17
AFG,1,AF15,Kunar,AFG,2021-11-17
AFG,1,AF16,Nuristan,AFG,2021-11-17
AFG,1,AF17,Badakhshan,AFG,2021-11-17
AFG,1,AF18,Takhar,AFG,2021-11-17
AFG,1,AF19,Kunduz,AFG,2021-11-17
AFG,1,AF20,Samangan,AFG,2021-11-17
AFG,1,AF21,Balkh,AFG,2021-11-17
AFG,1,AF22,Sar-e-Pul,AFG,2021-11-17
AFG,1,AF23,Ghor,AFG,2021-11-17
AFG,1,AF24,Daykundi,AFG,2021-11-17
AFG,1,AF25,Uruzgan,AFG,2021-11-17
AFG,1,AF26,Zabul,AFG,2021-11-17
AFG,1,AF27,Kandahar,AFG,2021-11-17
AFG,1,AF28,Jawzjan,AFG,2021-11-17
AFG,1,AF29,Faryab,AFG,2021-11-17
AFG,1,AF30,Hilmand,AFG,2021-11-17
AFG,1,AF31,Badghis,AFG,2021-11-17
AFG,1,AF32,Hirat,AFG,2021-11-17
AFG,1,AF33,Farah,AFG,2021-11-17
AFG,1,AF34,Nimroz,AFG,2021-11-17
AFG,2,AF0101,Kabul,AF01,2021-11-17
AFG,2,AF0102,Paghman,AF01,2021-11-17
AFG,2,AF0103,Chahar Asyab,AF01,2021-11-17
AFG,2,AF0104,Bagrami,AF01,2021-11-17
AFG,2,AF0105,Deh Sabz,AF01,2021-11-17
AFG,2,AF0106,Shakar Dara,AF01,2021-11-17
AFG,2,AF0107,Musahi,AF01,2021-11-17
AFG,2,AF0108,Mir Bacha Kot,AF01,2021-11-17
AFG,2,AF0109,Khak-e-Jabbar,AF01,2021-11-17
AFG,2,AF0110,Kalakan,AF01,2021-11-17
AFG,2,AF0111,Guldara,AF01,2021-11-17
AFG,2,AF0112,Farza,AF01,2021-11-17
AFG,2,AF0113,Estalef,AF01,2021-11-17
AFG,2,AF0114,Qara Bagh,AF01,2021-11-17
AFG,2,AF0115,Surobi,AF01,2021-11-17
AFG,2,AF0201,Mahmood-e-Raqi,AF02,2021-11-17
AFG,2,AF0202,Hisa-e-Duwum-e-Kohistan,AF02,2021-11-17
AFG,2,AF0203,Koh Band,AF02,2021-11-17
AFG,2,AF0204,Hisa-e-Awal-e-Kohistan,AF02,2021-11-17
AFG,2,AF0205,Nijrab,AF02,2021-11-17
AFG,2,AF0206,Tagab,AF02,2021-11-17
AFG,2,AF0207,Alasay,AF02,2021-11-17
AFG,2,AF0301,Charikar,AF03,2021-11-17
AFG,2,AF0302,Bagram,AF03,2021-11-17
AFG,2,AF0303,Shinwari,AF03,2021-11-17
AFG,2,AF0304,Sayed Khel,AF03,2021-11-17
AFG,2,AF0305,Jabal Saraj,AF03,2021-11-17
AFG,2,AF0306,Salang,AF03,2021-11-17
AFG,2,AF0307,Ghorband,AF03,2021-11-17
AFG,2,AF0308,Koh-e-Safi,AF03,2021-11-17
AFG,2,AF0309,Surkh-e-Parsa,AF03,2021-11-17
AFG,2,AF0310,Shekh Ali,AF03,2021-11-17
AFG,2,AF0401,Maydan Shahr,AF04,2021-11-17
AFG,2,AF0402,Nerkh,AF04,2021-11-17
AFG,2,AF0403,Jalrez,AF04,2021-11-17
AFG,2,AF0404,Chak-e-Wardak,AF04,2021-11-17
AFG,2,AF0405,Saydabad,AF04,2021-11-17
AFG,2,AF0406,Daymirdad,AF04,2021-11-17
AFG,2,AF0407,Hesa-e-Awal-e-Behsud,AF04,2021-11-17
AFG,2,AF0408,Jaghatu,AF04,2021-11-17
AFG,2,AF0409,Markaz-e-Behsud,AF04,2021-11-17
AFG,2,AF0501,Pul-e-Alam,AF05,2021-11-17
AFG,2,AF0502,Baraki Barak,AF05,2021-11-17
AFG,2,AF0503,Charkh,AF05,2021-11-17
AFG,2,AF0504,Khoshi,AF05,2021-11-17
AFG,2,AF0505,Mohammad Agha,AF05,2021-11-17
AFG,2,AF0506,Kharwar,AF05,2021-11-17
AFG,2,AF0507,Azra,AF05,2021-11-17
AFG,2,AF0601,Jalalabad,AF06,2021-11-17
AFG,2,AF0602,Behsud,AF06,2021-11-17
AFG,2,AF0603,Surkh Rod,AF06,2021-11-17
AFG,2,AF0604,Chaparhar,AF06,2021-11-17
AFG,2,AF0605,Kama,AF06,2021-11-17
AFG,2,AF0606,Kuz Kunar,AF06,2021-11-17
AFG,2,AF0607,Rodat,AF06,2021-11-17
AFG,2,AF0608,Khogyani,AF06,2021-11-17
AFG,2,AF0609,Bati Kot,AF06,2021-11-17
AFG,2,AF0610,Deh Bala,AF06,2021-11-17
AFG,2,AF0611,Pachir Wa Agam,AF06,2021-11-17
AFG,2,AF0612,Dara-e-Nur,AF06,2021-11-17
AFG,2,AF0613,Kot,AF06,2021-11-17
AFG,2,AF0614,Goshta,AF06,2021-11-17
AFG,2,AF0615,Achin,AF06,2021-11-17
AFG,2,AF0616,Shinwar,AF06,2021-11-17
AFG,2,AF0617,Muhmand Dara,AF06,2021-11-17
AFG,2,AF0618,Lalpur,AF06,2021-11-17
AFG,2,AF0619,Sherzad,AF06,2021-11-17
AFG,2,AF0620,Nazyan,AF06,2021-11-17
AFG,2,AF0621,Hesarak,AF06,2021-11-17
AFG,2,AF0622,Dur Baba,AF06,2021-11-17
AFG,2,AF0701,Mehtarlam,AF07,2021-11-17
AFG,2,AF0702,Qarghayi,AF07,2021-11-17
AFG,2,AF0703,Alishang,AF07,2021-11-17
AFG,2,AF0704,Alingar,AF07,2021-11-17
AFG,2,AF0705,Dawlatshah,AF07,2021-11-17
AFG,2,AF0801,Bazarak,AF08,2021-11-17
AFG,2,AF0802,Rukha,AF08,2021-11-17
AFG,2,AF0803,Dara,AF08,2021-11-17
AFG,2,AF0804,Khenj,AF08,2021-11-17
AFG,2,AF0805,Anawa,AF08,2021-11-17
AFG,2,AF0806,Shutul,AF08,2021-11-17
AFG,2,AF0807,Paryan,AF08,2021-11-17
AFG,2,AF0901,Pul-e-Khumri,AF09,2021-11-17
AFG,2,AF0902,Dahana-e-Ghori,AF09,2021-11-17
AFG,2,AF0903,Doshi,AF09,2021-11-17
AFG,2,AF0904,Nahrin,AF09,2021-11-17
AFG,2,AF0905,Baghlan-e-Jadid,AF09,2021-11-17
AFG,2,AF0906,Khinjan,AF09,2021-11-17
AFG,2,AF0907,Andarab,AF09,2021-11-17
AFG,2,AF0908,Deh Salah,AF09,2021-11-17
AFG,2,AF0909,Khwaja Hejran,AF09,2021-11-17
AFG,2,AF0910,Burka,AF09,2021-11-17
AFG,2,AF0911,Tala Wa Barfak,AF09,2021-11-17
AFG,2,AF0912,Pul-e-Hisar,AF09,2021-11-17
AFG,2,AF0913,Khost Wa Fereng,AF09,2021-11-17
AFG,2,AF0914,Guzargah-e-Nur,AF09,2021-11-17
AFG,2,AF0915,Fereng Wa Gharu,AF09,2021-11-17
AFG,2,AF1001,Bamyan,AF10,2021-11-17
AFG,2,AF1002,Shibar,AF10,2021-11-17
AFG,2,AF1003,Sayghan,AF10,2021-11-17
AFG,2,AF1004,Kahmard,AF10,2021-11-17
AFG,2,AF1005,Yakawlang,AF10,2021-11-17
AFG,2,AF1006,Panjab,AF10,2021-11-17
AFG,2,AF1007,Waras,AF10,2021-11-17
AFG,2,AF1101,Ghazni,AF11,2021-11-17
AFG,2,AF1102,Wal-e-Muhammad-e-Shahid,AF11,2021-11-17
AFG,2,AF1103,Khwaja Umari,AF11,2021-11-17
AFG,2,AF1104,Waghaz,AF11,2021-11-17
AFG,2,AF1105,Deh Yak,AF11,2021-11-17
AFG,2,AF1106,Jaghatu,AF11,2021-11-17
AFG,2,AF1107,Andar,AF11,2021-11-17
AFG,2,AF1108,Zanakhan,AF11,2021-11-17
AFG,2,AF1109,Rashidan,AF11,2021-11-17
AFG,2,AF1110,Nawur,AF11,2021-11-17
AFG,2,AF1111,Qara Bagh,AF11,2021-11-17
AFG,2,AF1112,Giro,AF11,2021-11-17
AFG,2,AF1113,Ab Band,AF11,2021-11-17
AFG,2,AF1114,Jaghuri,AF11,2021-11-17
AFG,2,AF1115,Muqur,AF11,2021-11-17
AFG,2,AF1116,Malistan,AF11,2021-11-17
AFG,2,AF1117,Gelan,AF11,2021-11-17
AFG,2,AF1118,Ajristan,AF11,2021-11-17
AFG,2,AF1119,Nawa,AF11,2021-11-17
AFG,2,AF1201,Sharan,AF12,2021-11-17
AFG,2,AF1202,Mata Khan,AF12,2021-11-17
AFG,2,AF1203,Yosuf Khel,AF12,2021-11-17
AFG,2,AF1204,Yahya Khel,AF12,2021-11-17
AFG,2,AF1205,Sar Rawzah,AF12,2021-11-17
AFG,2,AF1206,Omna,AF12,2021-11-17
AFG,2,AF1207,Zarghun Shahr,AF12,2021-11-17
AFG,2,AF1208,Gomal,AF12,2021-11-17
AFG,2,AF1209,Jani Khel,AF12,2021-11-17
AFG,2,AF1210,Surobi,AF12,2021-11-17
AFG,2,AF1211,Urgun,AF12,2021-11-17
AFG,2,AF1212,Ziruk,AF12,2021-11-17
AFG,2,AF1213,Nika,AF12,2021-11-17
AFG,2,AF1214,Barmal,AF12,2021-11-17
AFG,2,AF1215,Giyan,AF12,2021-11-17
AFG,2,AF1216,Dila,AF12,2021-11-17
AFG,2,AF1217,Wazakhah,AF12,2021-11-17
AFG,2,AF1218,Wormamay,AF12,2021-11-17
AFG,2,AF1219,Turwo,AF12,2021-11-17
AFG,2,AF1301,Gardez,AF13,2021-11-17
AFG,2,AF1302,Ahmadaba,AF13,2021-11-17
AFG,2,AF1303,Zurmat,AF13,2021-11-17
AFG,2,AF1304,Shawak,AF13,2021-11-17
AFG,2,AF1305,Zadran,AF13,2021-11-17
AFG,2,AF1306,Sayed Karam,AF13,2021-11-17
AFG,2,AF1307,Jaji,AF13,2021-11-17
AFG,2,AF1308,Lija Ahmad Khel,AF13,2021-11-17
AFG,2,AF1309,Jani Khel,AF13,2021-11-17
AFG,2,AF1310,Chamkani,AF13,2021-11-17
AFG,2,AF1311,Dand Wa Patan,AF13,2021-11-17
AFG,2,AF1401,Matun,AF14,2021-11-17
AFG,2,AF1402,Mandozayi,AF14,2021-11-17
AFG,2,AF1403,Gurbuz,AF14,2021-11-17
AFG,2,AF1404,Tani,AF14,2021-11-17
AFG,2,AF1405,Musa Khel,AF14,2021-11-17
AFG,2,AF1406,Nadir Shah Kot,AF14,2021-11-17
AFG,2,AF1407,Sabari,AF14,2021-11-17
AFG,2,AF1408,Terezayi,AF14,2021-11-17
AFG,2,AF1409,Bak,AF14,2021-11-17
AFG,2,AF1410,Qalandar,AF14,2021-11-17
AFG,2,AF1411,Spera,AF14,2021-11-17
AFG,2,AF1412,Shamal,AF14,2021-11-17
AFG,2,AF1413,Jaji Maydan,AF14,2021-11-17
AFG,2,AF1501,Asad Abad,AF15,2021-11-17
AFG,2,AF1502,Marawara,AF15,2021-11-17
AFG,2,AF1503,Watapur,AF15,2021-11-17
AFG,2,AF1504,Narang,AF15,2021-11-17
AFG,2,AF1505,Sar Kani,AF15,2021-11-17
AFG,2,AF1506,Shigal,AF15,2021-11-17
AFG,2,AF1507,Dara-e-Pech,AF15,2021-11-17
AFG,2,AF1508,Bar Kunar,AF15,2021-11-17
AFG,2,AF1509,Chawkay,AF15,2021-11-17
AFG,2,AF1510,Khas Kunar,AF15,2021-11-17
AFG,2,AF1511,Ghazi Abad,AF15,2021-11-17
AFG,2,AF1512,Dangam,AF15,2021-11-17
AFG,2,AF1513,Chapa Dara,AF15,2021-11-17
AFG,2,AF1514,Nurgal,AF15,2021-11-17
AFG,2,AF1515,Nari,AF15,2021-11-17
AFG,2,AF1601,Parun,AF16,2021-11-17
AFG,2,AF1602,Waygal,AF16,2021-11-17
AFG,2,AF1603,Wama,AF16,2021-11-17
AFG,2,AF1604,Nurgaram,AF16,2021-11-17
AFG,2,AF1605,Duab,AF16,2021-11-17
AFG,2,AF1606,Kamdesh,AF16,2021-11-17
AFG,2,AF1607,Mandol,AF16,2021-11-17
AFG,2,AF1608,Barg-e-Matal,AF16,2021-11-17
AFG,2,AF1701,Fayzabad,AF17,2021-11-17
AFG,2,AF1702,Argo,AF17,2021-11-17
AFG,2,AF1703,Arghanj Khwah,AF17,2021-11-17
AFG,2,AF1704,Yaftal-e-Sufla,AF17,2021-11-17
AFG,2,AF1705,Khash,AF17,2021-11-17
AFG,2,AF1706,Baharak,AF17,2021-11-17
AFG,2,AF1707,Darayem,AF17,2021-11-17
AFG,2,AF1708,Kohistan,AF17,2021-11-17
AFG,2,AF1709,Yawan,AF17,2021-11-17
AFG,2,AF1710,Jorm,AF17,2021-11-17
AFG,2,AF1711,Teshkan,AF17,2021-11-17
AFG,2,AF1712,Shuhada,AF17,2021-11-17
AFG,2,AF1713,Shahr-e-Buzorg,AF17,2021-11-17
AFG,2,AF1714,Raghestan,AF17,2021-11-17
AFG,2,AF1715,Keshem,AF17,2021-11-17
AFG,2,AF1716,Warduj,AF17,2021-11-17
AFG,2,AF1717,Tagab,AF17,2021-11-17
AFG,2,AF1718,Yamgan,AF17,2021-11-17
AFG,2,AF1719,Shighnan,AF17,2021-11-17
AFG,2,AF1720,Khwahan,AF17,2021-11-17
AFG,2,AF1721,Kofab,AF17,2021-11-17
AFG,2,AF1722,Darwaz-e-Payin,AF17,2021-11-17
AFG,2,AF1723,Eshkashem,AF17,2021-11-17
AFG,2,AF1724,Shaki,AF17,2021-11-17
AFG,2,AF1725,Zebak,AF17,2021-11-17
AFG,2,AF1726,Koran Wa Monjan,AF17,2021-11-17
AFG,2,AF1727,Darwaz-e-Balla,AF17,2021-11-17
AFG,2,AF1728,Wakhan,AF17,2021-11-17
AFG,2,AF1801,Taloqan,AF18,2021-11-17
AFG,2,AF1802,Hazar Sumuch,AF18,2021-11-17
AFG,2,AF1803,Baharak,AF18,2021-11-17
AFG,2,AF1804,Bangi,AF18,2021-11-17
AFG,2,AF1805,Chal,AF18,2021-11-17
AFG,2,AF1806,Namak Ab,AF18,2021-11-17
AFG,2,AF1807,Kalafgan,AF18,2021-11-17
AFG,2,AF1808,Farkhar,AF18,2021-11-17
AFG,2,AF1809,Khwaja Ghar,AF18,2021-11-17
AFG,2,AF1810,Rostaq,AF18,2021-11-17
AFG,2,AF1811,Eshkmesh,AF18,2021-11-17
AFG,2,AF1812,Dasht-e-Qala,AF18,2021-11-17
AFG,2,AF1813,Warsaj,AF18,2021-11-17
AFG,2,AF1814,Khwaja Bahawuddin,AF18,2021-11-17
AFG,2,AF1815,Darqad,AF18,2021-11-17
AFG,2,AF1816,Chahab,AF18,2021-11-17
AFG,2,AF1817,Yangi Qala,AF18,2021-11-17
AFG,2,AF1901,Kunduz,AF19,2021-11-17
AFG,2,AF1902,Chahar Darah,AF19,2021-11-17
AFG,2,AF1903,Ali Abad,AF19,2021-11-17
AFG,2,AF1904,Khan Abad,AF19,2021-11-17
AFG,2,AF1905,Imam Sahib,AF19,2021-11-17
AFG,2,AF1906,Dasht-e-Archi,AF19,2021-11-17
AFG,2,AF1907,Qala-e-Zal,AF19,2021-11-17
AFG,2,AF2001,Aybak,AF20,2021-11-17
AFG,2,AF2002,Hazrat-e-Sultan,AF20,2021-11-17
AFG,2,AF2003,Khuram Wa Sarbagh,AF20,2021-11-17
AFG,2,AF2004,Feroz Nakhchir,AF20,2021-11-17
AFG,2,AF2005,Ruy-e-Duab,AF20,2021-11-17
AFG,2,AF2006,Dara-e-Suf-e-Payin,AF20,2021-11-17
AFG,2,AF2007,Dara-e-Suf-e-Bala,AF20,2021-11-17
AFG,2,AF2101,Mazar-e-Sharif,AF21,2021-11-17
AFG,2,AF2102,Nahr-e-Shahi,AF21,2021-11-17
AFG,2,AF2103,Dehdadi,AF21,2021-11-17
AFG,2,AF2104,Charkent,AF21,2021-11-17
AFG,2,AF2105,Marmul,AF21,2021-11-17
AFG,2,AF2106,Balkh,AF21,2021-11-17
AFG,2,AF2107,Sholgareh,AF21,2021-11-17
AFG,2,AF2108,Chemtal,AF21,2021-11-17
AFG,2,AF2109,Dawlat Abad,AF21,2021-11-17
AFG,2,AF2110,Khulm,AF21,2021-11-17
AFG,2,AF2111,Char Bolak,AF21,2021-11-17
AFG,2,AF2112,Shortepa,AF21,2021-11-17
AFG,2,AF2113,Kaldar,AF21,2021-11-17
AFG,2,AF2114,Keshendeh,AF21,2021-11-17
AFG,2,AF2115,Zari,AF21,2021-11-17
AFG,2,AF2116,Sharak-e-Hayratan,AF21,2021-11-17
AFG,2,AF2201,Sar-e-Pul,AF22,2021-11-17
AFG,2,AF2202,Sayad,AF22,2021-11-17
AFG,2,AF2203,Kohestanat,AF22,2021-11-17
AFG,2,AF2204,Sozmaqala,AF22,2021-11-17
AFG,2,AF2205,Sancharak,AF22,2021-11-17
AFG,2,AF2206,Gosfandi,AF22,2021-11-17
AFG,2,AF2207,Balkhab,AF22,2021-11-17
AFG,2,AF2301,Feroz Koh,AF23,2021-11-17
AFG,2,AF2302,DoLayna,AF23,2021-11-17
AFG,2,AF2303,Dawlatyar,AF23,2021-11-17
AFG,2,AF2304,Charsadra,AF23,2021-11-17
AFG,2,AF2305,Pasaband,AF23,2021-11-17
AFG,2,AF2306,Shahrak,AF23,2021-11-17
AFG,2,AF2307,Lal Wa Sarjangal,AF23,2021-11-17
AFG,2,AF2308,Taywarah,AF23,2021-11-17
AFG,2,AF2309,Tolak,AF23,2021-11-17
AFG,2,AF2310,Saghar,AF23,2021-11-17
AFG,2,AF2401,Nili,AF24,2021-11-17
AFG,2,AF2402,Shahrestan,AF24,2021-11-17
AFG,2,AF2403,Ashtarlay,AF24,2021-11-17
AFG,2,AF2404,Khadir,AF24,2021-11-17
AFG,2,AF2405,Kiti,AF24,2021-11-17
AFG,2,AF2406,Miramor,AF24,2021-11-17
AFG,2,AF2407,Sang-e-Takht,AF24,2021-11-17
AFG,2,AF2408,Kajran,AF24,2021-11-17
AFG,2,AF2409,Patoo,AF24,2021-11-17
AFG,2,AF2501,Tirinkot,AF25,2021-11-17
AFG,2,AF2502,Dehrawud,AF25,2021-11-17
AFG,2,AF2503,Chora,AF25,2021-11-17
AFG,2,AF2504,Shahid-e-Hassas,AF25,2021-11-17
AFG,2,AF2505,Khas Uruzgan,AF25,2021-11-17
AFG,2,AF2506,Chinarto,AF25,2021-11-17
AFG,2,AF2507,Gizab,AF25,2021-11-17
AFG,2,AF2601,Qalat,AF26,2021-11-17
AFG,2,AF2602,Tarnak Wa Jaldak,AF26,2021-11-17
AFG,2,AF2603,Shinkay,AF26,2021-11-17
AFG,2,AF2604,Mizan,AF26,2021-11-17
AFG,2,AF2605,Arghandab,AF26,2021-11-17
AFG,2,AF2606,Shah Joi,AF26,2021-11-17
AFG,2,AF2607,Daychopan,AF26,2021-11-17
AFG,2,AF2608,Atghar,AF26,2021-11-17
AFG,2,AF2609,Nawbahar,AF26,2021-11-17
AFG,2,AF2610,Shamul Zayi,AF26,2021-11-17
AFG,2,AF2611,Kakar,AF26,2021-11-17
AFG,2,AF2701,Kandahar,AF27,2021-11-17
AFG,2,AF2702,Arghandab,AF27,2021-11-17
AFG,2,AF2703,Daman,AF27,2021-11-17
AFG,2,AF2704,Panjwayi,AF27,2021-11-17
AFG,2,AF2705,Zheray,AF27,2021-11-17
AFG,2,AF2706,Shah Wali Kot,AF27,2021-11-17
AFG,2,AF2707,Khakrez,AF27,2021-11-17
AFG,2,AF2708,Arghestan,AF27,2021-11-17
AFG,2,AF2709,Ghorak,AF27,2021-11-17
AFG,2,AF2710,Maywand,AF27,2021-11-17
AFG,2,AF2711,Spin Boldak,AF27,2021-11-17
AFG,2,AF2712,Nesh,AF27,2021-11-17
AFG,2,AF2713,Miyanshin,AF27,2021-11-17
AFG,2,AF2714,Shorabak,AF27,2021-11-17
AFG,2,AF2715,Maruf,AF27,2021-11-17
AFG,2,AF2716,Reg,AF27,2021-11-17
AFG,2,AF2801,Shiberghan,AF28,2021-11-17
AFG,2,AF2802,Khwaja Dukoh,AF28,2021-11-17
AFG,2,AF2803,Khanaqa,AF28,2021-11-17
AFG,2,AF2804,Mingajik,AF28,2021-11-17
AFG,2,AF2805,Qush Tepa,AF28,2021-11-17
AFG,2,AF2806,Khamyab,AF28,2021-11-17
AFG,2,AF2807,Aqcha,AF28,2021-11-17
AFG,2,AF2808,Fayzabad,AF28,2021-11-17
AFG,2,AF2809,Mardyan,AF28,2021-11-17
AFG,2,AF2810,Qarqin,AF28,2021-11-17
AFG,2,AF2811,Darzab,AF28,2021-11-17
AFG,2,AF2901,Maymana,AF29,2021-11-17
AFG,2,AF2902,Pashtun Kot,AF29,2021-11-17
AFG,2,AF2903,Khwaja Sabz Posh,AF29,2021-11-17
AFG,2,AF2904,Almar,AF29,2021-11-17
AFG,2,AF2905,Bilcheragh,AF29,2021-11-17
AFG,2,AF2906,Shirin Tagab,AF29,2021-11-17
AFG,2,AF2907,Qaysar,AF29,2021-11-17
AFG,2,AF2908,Garzewan,AF29,2021-11-17
AFG,2,AF2909,Dawlat Abad,AF29,2021-11-17
AFG,2,AF2910,Kohistan,AF29,2021-11-17
AFG,2,AF2911,Qaram Qul,AF29,2021-11-17
AFG,2,AF2912,Qurghan,AF29,2021-11-17
AFG,2,AF2913,Andkhoy,AF29,2021-11-17
AFG,2,AF2914,Khan-e-Char Bagh,AF29,2021-11-17
AFG,2,AF3001,Lashkargah,AF30,2021-11-17
AFG,2,AF3002,Nad-e-Ali,AF30,2021-11-17
AFG,2,AF3003,Nawa-e-Barakzaiy,AF30,2021-11-17
AFG,2,AF3004,Nahr-e-Saraj,AF30,2021-11-17
AFG,2,AF3005,Washer,AF30,2021-11-17
AFG,2,AF3006,Garmser,AF30,2021-11-17
AFG,2,AF3007,Nawzad,AF30,2021-11-17
AFG,2,AF3008,Sangin,AF30,2021-11-17
AFG,2,AF3009,Musa Qala,AF30,2021-11-17
AFG,2,AF3010,Kajaki,AF30,2021-11-17
AFG,2,AF3011,Reg-i-Khan Nishin,AF30,2021-11-17
AFG,2,AF3012,Baghran,AF30,2021-11-17
AFG,2,AF3013,Deh-e-Shu,AF30,2021-11-17
AFG,2,AF3101,Qala-e-Naw,AF31,2021-11-17
AFG,2,AF3102,Ab Kamari,AF31,2021-11-17
AFG,2,AF3103,Muqur,AF31,2021-11-17
AFG,2,AF3104,Qadis,AF31,2021-11-17
AFG,2,AF3105,Bala Murghab,AF31,2021-11-17
AFG,2,AF3106,Jawand,AF31,2021-11-17
AFG,2,AF3107,Ghormach,AF31,2021-11-17
AFG,2,AF3201,Hirat,AF32,2021-11-17
AFG,2,AF3202,Injil,AF32,2021-11-17
AFG,2,AF3203,Guzara,AF32,2021-11-17
AFG,2,AF3204,Karukh,AF32,2021-11-17
AFG,2,AF3205,Zindajan,AF32,2021-11-17
AFG,2,AF3206,Pashtun Zarghun,AF32,2021-11-17
AFG,2,AF3207,Kushk,AF32,2021-11-17
AFG,2,AF3208,Gulran,AF32,2021-11-17
AFG,2,AF3209,Adraskan,AF32,2021-11-17
AFG,2,AF3210,Kushk-e-Kuhna,AF32,2021-11-17
AFG,2,AF3211,Ghoryan,AF32,2021-11-17
AFG,2,AF3212,Obe,AF32,2021-11-17
AFG,2,AF3213,Kohsan,AF32,2021-11-17
AFG,2,AF3214,Shindand,AF32,2021-11-17
AFG,2,AF3215,Farsi,AF32,2021-11-17
AFG,2,AF3216,Chisht-e-Sharif,AF32,2021-11-17
AFG,2,AF3301,Farah,AF33,2021-11-17
AFG,2,AF3302,Pushtrod,AF33,2021-11-17
AFG,2,AF3303,Khak-e-Safed,AF33,2021-11-17
AFG,2,AF3304,Qala-e-Kah,AF33,2021-11-17
AFG,2,AF3305,Shibkoh,AF33,2021-11-17
AFG,2,AF3306,Bala Buluk,AF33,2021-11-17
AFG,2,AF3307,Anar Dara,AF33,2021-11-17
AFG,2,AF3308,Bakwa,AF33,2021-11-17
AFG,2,AF3309,Lash-e-Juwayn,AF33,2021-11-17
AFG,2,AF3310,Gulistan,AF33,2021-11-17
AFG,2,AF3311,Pur Chaman,AF33,2021-11-17
AFG,2,AF3401,Zaranj,AF34,2021-11-17
AFG,2,AF3402,Kang,AF34,2021-11-17
AFG,2,AF3403,Chakhansur,AF34,2021-11-17
AFG,2,AF3404,Char Burjak,AF34,2021-11-17
AFG,2,AF3405,Khashrod,AF34,2021-11-17
ARM,1,AM01,Yerevan,ARM,2014-10-01
ARM,1,AM02,Aragatsotn,ARM,2014-10-01
ARM,1,AM03,Ararat,ARM,2014-10-01
ARM,1,AM04,Armavir,ARM,2014-10-01
ARM,1,AM05,Gegharkunik,ARM,2014-10-01
ARM,1,AM06,Lori,ARM,2014-10-01
ARM,1,AM07,Kotayk,ARM,2014-10-01
ARM,1,AM08,Shirak,ARM,2014-10-01
ARM,1,AM09,Syunik,ARM,2014-10-01
ARM,1,AM10,Vayots Dzor,ARM,2014-10-01
ARM,1,AM11,Tavush,ARM,2014-10-01
ARM,2,AM021,Ashtarak,AM02,2014-10-01
ARM,2,AM022,Aparan,AM02,2014-10-01
ARM,2,AM023,Aragats,AM02,2014-10-01
ARM,2,AM024,Talin,AM02,2014-10-01
ARM,2,AM031,Ararat,AM03,2014-10-01
ARM,2,AM032,Artashat,AM03,2014-10-01
ARM,2,AM033,Masis,AM03,2014-10-01
ARM,2,AM041,Armavir,AM04,2014-10-01
ARM,2,AM042,Baghramyan,AM04,2014-10-01
ARM,2,AM043,Vagharshapat,AM04,2014-10-01
ARM,2,AM051,Gavar,AM05,2014-10-01
ARM,2,AM052,Karmir,AM05,2014-10-01
ARM,2,AM053,Martuni,AM05,2014-10-01
ARM,2,AM054,Sevan,AM05,2014-10-01
ARM,2,AM055,Vardenis,AM05,2014-10-01
ARM,2,AM061,Gugark,AM06,2014-10-01
ARM,2,AM062,Tumanian,AM06,2014-10-01
ARM,2,AM063,Spitak,AM06,2014-10-01
ARM,2,AM064,Stepanavan,AM06,2014-10-01
ARM,2,AM065,Tashir,AM06,2014-10-01
ARM,2,AM071,Kotayk,AM07,2014-10-01
ARM,2,AM072,Hrazdan,AM07,2014-10-01
ARM,2,AM073,Nairi,AM07,2014-10-01
ARM,2,AM081,Akhuryan,AM08,2014-10-01
ARM,2,AM082,Amasia,AM08,2014-10-01
ARM,2,AM083,Ani,AM08,2014-10-01
ARM,2,AM084,Ashotck,AM08,2014-10-01
ARM,2,AM085,Artik,AM08,2014-10-01
ARM,2,AM091,Goris,AM09,2014-10-01
ARM,2,AM092,Kapan,AM09,2014-10-01
ARM,2,AM093,Meghri,AM09,2014-10-01
ARM,2,AM094,Sisian,AM09,2014-10-01
ARM,2,AM101,Yeghegnadzor,AM10,2014-10-01
ARM,2,AM102,Vayk,AM10,2014-10-01
ARM,2,AM111,Idjevan,AM11,2014-10-01
ARM,2,AM112,Noyemberyan,AM11,2014-10-01
ARM,2,AM113,Tavush,AM11,2014-10-01
ARM,2,AM114,Dilidjan,AM11,2014-10-01
IDN,1,ID11,Aceh,IDN,2020-04-01
IDN,1,ID12,Sumatera Utara,IDN,2020-04-01
IDN,1,ID13,Sumatera Barat,IDN,2020-04-01
IDN,1,ID14,Riau,IDN,2020-04-01
IDN,1,ID15,Jambi,IDN,2020-04-01
IDN,1,ID16,Sumatera Selatan,IDN,2020-04-01
IDN,1,ID17,Bengkulu,IDN,2020-04-01
IDN,1,ID18,Lampung,IDN,2020-04-01
IDN,1,ID19,Kepulauan Bangka Belitung,IDN,2020-04-01
IDN,1,ID21,Kepulauan Riau,IDN,2020-04-01
IDN,1,ID31,Dki Jakarta,IDN,2020-04-01
IDN,1,ID32,Jawa Barat,IDN,2020-04-01
IDN,1,ID33,Jawa Tengah,IDN,2020-04-01
IDN,1,ID34,Daerah Istimewa Yogyakarta,IDN,2020-04-01
IDN,1,ID35,Jawa Timur,IDN,2020-04-01
IDN,1,ID36,Banten,IDN,2020-04-01
IDN,1,ID51,Bali,IDN,2020-04-01
IDN,1,ID52,Nusa Tenggara Barat,IDN,2020-04-01
IDN,1,ID53,Nusa Tenggara Timur,IDN,2020-04-01
IDN,1,ID61,Kalimantan Barat,IDN,2020-04-01
IDN,1,ID62,Kalimantan Tengah,IDN,2020-04-01
IDN,1,ID63,Kalimantan Selatan,IDN,2020-04-01
IDN,1,ID64,Kalimantan Timur,IDN,2020-04-01
IDN,1,ID65,Kalimantan Utara,IDN,2020-04-01
IDN,1,ID71,Sulawesi Utara,IDN,2020-04-01
IDN,1,ID72,Sulawesi Tengah,IDN,2020-04-01
IDN,1,ID73,Sulawesi Selatan,IDN,2020-04-01
IDN,1,ID74,Sulawesi Tenggara,IDN,2020-04-01
IDN,1,ID75,Gorontalo,IDN,2020-04-01
IDN,1,ID76,Sulawesi Barat,IDN,2020-04-01
IDN,1,ID81,Maluku,IDN,2020-04-01
IDN,1,ID82,Maluku Utara,IDN,2020-04-01
IDN,1,ID91,Papua Barat,IDN,2020-04-01
IDN,1,ID94,Papua,IDN,2020-04-01
IDN,2,ID1101,Simeulue,ID11,2020-04-01
IDN,2,ID1102,Aceh Singkil,ID11,2020-04-01
IDN,2,ID1103,Aceh Selatan,ID11,2020-04-01
IDN,2,ID1104,Aceh Tenggara,ID11,2020-04-01
IDN,2,ID1105,Aceh Timur,ID11,2020-04-01
IDN,2,ID1106,Aceh Tengah,ID11,2020-04-01
IDN,2,ID1107,Aceh Barat,ID11,2020-04-01
IDN,2,ID1108,Aceh Besar,ID11,2020-04-01
IDN,2,ID1109,Pidie,ID11,2020-04-01
IDN,2,ID1110,Bireuen,ID11,2020-04-01
IDN,2,ID1111,Aceh Utara,ID11,2020-04-01
IDN,2,ID1112,Aceh Barat Daya,ID11,2020-04-01
IDN,2,ID1113,Gayo Lues,ID11,2020-04-01
IDN,2,ID1114,Aceh Tamiang,ID11,2020-04-01
IDN,2,ID1115,Nagan Raya,ID11,2020-04-01
IDN,2,ID1116,Aceh Jaya,ID11,2020-04-01
IDN,2,ID1117,Bener Meriah,ID11,2020-04-01
IDN,2,ID1118,Pidie Jaya,ID11,2020-04-01
IDN,2,ID1171,Kota Banda Aceh,ID11,2020-04-01
IDN,2,ID1172,Kota Sabang,ID11,2020-04-01
IDN,2,ID1173,Kota Langsa,ID11,2020-04-01
IDN,2,ID1174,Kota Lhokseumawe,ID11,2020-04-01
IDN,2,ID1175,Kota Subulussalam,ID11,2020-04-01
IDN,2,ID1201,Nias,ID12,2020-04-01
IDN,2,ID1202,Mandailing Natal,ID12,2020-04-01
IDN,2,ID1203,Tapanuli Selatan,ID12,2020-04-01
IDN,2,ID1204,Tapanuli Tengah,ID12,2020-04-01
IDN,2,ID1205,Tapanuli Utara,ID12,2020-04-01
IDN,2,ID1206,Toba Samosir,ID12,2020-04-01
IDN,2,ID1207,Labuhan Batu,ID12,2020-04-01
IDN,2,ID1208,Asahan,ID12,2020-04-01
IDN,2,ID1209,Simalungun,ID12,2020-04-01
IDN,2,ID1210,Dairi,ID12,2020-04-01
IDN,2,ID1211,Karo,ID12,2020-04-01
IDN,2,ID1212,Deli Serdang,ID12,2020-04-01
IDN,2,ID1213,Langkat,ID12,2020-04-01
IDN,2,ID1214,Nias Selatan,ID12,2020-04-01
IDN,2,ID1215,Humbang Hasundutan,ID12,2020-04-01
IDN,2,ID1216,Pakpak Bharat,ID12,2020-04-01
IDN,2,ID1217,Samosir,ID12,2020-04-01
IDN,2,ID1218,Serdang Bedagai,ID12,2020-04-01
IDN,2,ID1219,Batu Bara,ID12,2020-04-01
IDN,2,ID1220,Padang Lawas Utara,ID12,2020-04-01
IDN,2,ID1221,Padang Lawas,ID12,2020-04-01
IDN,2,ID1222,Labuhan Batu Selatan,ID12,2020-04-01
IDN,2,ID1223,Labuhan Batu Utara,ID12,2020-04-01
IDN,2,ID1224,Nias Utara,ID12,2020-04-01
IDN,2,ID1225,Nias Barat,ID12,2020-04-01
IDN,2,ID1271,Kota Sibolga,ID12,2020-04-01
IDN,2,ID1272,Kota Tanjung Balai,ID12,2020-04-01
IDN,2,ID1273,Kota Pematang Siantar,ID12,2020-04-01
IDN,2,ID1274,Kota Tebing Tinggi,ID12,2020-04-01
IDN,2,ID1275,Kota Medan,ID12,2020-04-01
IDN,2,ID1276,Kota Binjai,ID12,2020-04-01
IDN,2,ID1277,Kota Padangsidimpuan,ID12,2020-04-01
IDN,2,ID1278,Kota Gunungsitoli,ID12,2020-04-01
IDN,2,ID1288,Danau Toba,ID12,2020-04-01
IDN,2,ID1301,Kepulauan Mentawai,ID13,2020-04-01
IDN,2,ID1302,Pesisir Selatan,ID13,2020-04-01
IDN,2,ID1303,Solok,ID13,2020-04-01
IDN,2,ID1304,Sijunjung,ID13,2020-04-01
IDN,2,ID1305,Tanah Datar,ID13,2020-04-01
IDN,2,ID1306,Padang Pariaman,ID13,2020-04-01
IDN,2,ID1307,Agam,ID13,2020-04-01
IDN,2,ID1308,Lima Puluh Kota,ID13,2020-04-01
IDN,2,ID1309,Pasaman,ID13,2020-04-01
IDN,2,ID1310,Solok Selatan,ID13,2020-04-01
IDN,2,ID1311,Dharmasraya,ID13,2020-04-01
IDN,2,ID1312,Pasaman Barat,ID13,2020-04-01
IDN,2,ID1371,Kota Padang,ID13,2020-04-01
IDN,2,ID1372,Kota Solok,ID13,2020-04-01
IDN,2,ID1373,Kota Sawah Lunto,ID13,2020-04-01
IDN,2,ID1374,Kota Padang Panjang,ID13,2020-04-01
IDN,2,ID1375,Kota Bukittinggi,ID13,2020-04-01
IDN,2,ID1376,Kota Payakumbuh,ID13,2020-04-01
IDN,2,ID1377,Kota Pariaman,ID13,2020-04-01
IDN,2,ID1388,Danau,ID13,2020-04-01
IDN,2,ID1401,Kuantan Singingi,ID14,2020-04-01
IDN,2,ID1402,Indragiri Hulu,ID14,2020-04-01
IDN,2,ID1403,Indragiri Hilir,ID14,2020-04-01
IDN,2,ID1404,Pelalawan,ID14,2020-04-01
IDN,2,ID1405,Siak,ID14,2020-04-01
IDN,2,ID1406,Kampar,ID14,2020-04-01
IDN,2,ID1407,Rokan Hulu,ID14,2020-04-01
IDN,2,ID1408,Bengkalis,ID14,2020-04-01
IDN,2,ID1409,Rokan Hilir,ID14,2020-04-01
IDN,2,ID1410,Kepulauan Meranti,ID14,2020-04-01
IDN,2,ID1471,Kota Pekanbaru,ID14,2020-04-01
IDN,2,ID1473,Kota Dumai,ID14,2020-04-01
IDN,2,ID1501,Kerinci,ID15,2020-04-01
IDN,2,ID1502,Merangin,ID15,2020-04-01
IDN,2,ID1503,Sarolangun,ID15,2020-04-01
IDN,2,ID1504,Batang Hari,ID15,2020-04-01
IDN,2,ID1505,Muaro Jambi,ID15,2020-04-01
IDN,2,ID1506,Tanjung Jabung Timur,ID15,2020-04-01
IDN,2,ID1507,Tanjung Jabung Barat,ID15,2020-04-01
IDN,2,ID1508,Tebo,ID15,2020-04-01
IDN,2,ID1509,Bungo,ID15,2020-04-01
IDN,2,ID1571,Kota Jambi,ID15,2020-04-01
IDN,2,ID1572,Kota Sungai Penuh,ID15,2020-04-01
IDN,2,ID1601,Ogan Komering Ulu,ID16,2020-04-01
IDN,2,ID1602,Ogan Komering Ilir,ID16,2020-04-01
IDN,2,ID1603,Muara Enim,ID16,2020-04-01
IDN,2,ID1604,Lahat,ID16,2020-04-01
IDN,2,ID1605,Musi Rawas,ID16,2020-04-01
IDN,2,ID1606,Musi Banyuasin,ID16,2020-04-01
IDN,2,ID1607,Banyu Asin,ID16,2020-04-01
IDN,2,ID1608,Ogan Komering Ulu Selatan,ID16,2020-04-01
IDN,2,ID1609,Ogan Komering Ulu Timur,ID16,2020-04-01
IDN,2,ID1610,Ogan Ilir,ID16,2020-04-01
IDN,2,ID1611,Empat Lawang,ID16,2020-04-01
IDN,2,ID1612,Penukal Abab Lematang Ilir,ID16,2020-04-01
IDN,2,ID1613,Musi Rawas Utara,ID16,2020-04-01
IDN,2,ID1671,Kota Palembang,ID16,2020-04-01
IDN,2,ID1672,Kota Prabumulih,ID16,2020-04-01
IDN,2,ID1673,Kota Pagar Alam,ID16,2020-04-01
IDN,2,ID1674,Kota Lubuklinggau,ID16,2020-04-01
IDN,2,ID1688,Danau,ID16,2020-04-01
IDN,2,ID1701,Bengkulu Selatan,ID17,2020-04-01
IDN,2,ID1702,Rejang Lebong,ID17,2020-04-01
IDN,2,ID1703,Bengkulu Utara,ID17,2020-04-01
IDN,2,ID1704,Kaur,ID17,2020-04-01
IDN,2,ID1705,Seluma,ID17,2020-04-01
IDN,2,ID1706,Mukomuko,ID17,2020-04-01
IDN,2,ID1707,Lebong,ID17,2020-04-01
IDN,2,ID1708,Kepahiang,ID17,2020-04-01
IDN,2,ID1709,Bengkulu Tengah,ID17,2020-04-01
IDN,2,ID1771,Kota Bengkulu,ID17,2020-04-01
IDN,2,ID1801,Lampung Barat,ID18,2020-04-01
IDN,2,ID1802,Tanggamus,ID18,2020-04-01
IDN,2,ID1803,Lampung Selatan,ID18,2020-04-01
IDN,2,ID1804,Lampung Timur,ID18,2020-04-01
IDN,2,ID1805,Lampung Tengah,ID18,2020-04-01
IDN,2,ID1806,Lampung Utara,ID18,2020-04-01
IDN,2,ID1807,Way Kanan,ID18,2020-04-01
IDN,2,ID1808,Tulangbawang,ID18,2020-04-01
IDN,2,ID1809,Pesawaran,ID18,2020-04-01
IDN,2,ID1810,Pringsewu,ID18,2020-04-01
IDN,2,ID1811,Mesuji,ID18,2020-04-01
IDN,2,ID1812,Tulang Bawang Barat,ID18,2020-04-01
IDN,2,ID1813,Pesisir Barat,ID18,2020-04-01
IDN,2,ID1871,Kota Bandar Lampung,ID18,2020-04-01
IDN,2,ID1872,Kota Metro,ID18,2020-04-01
IDN,2,ID1888,Danau,ID18,2020-04-01
IDN,2,ID1901,Bangka,ID19,2020-04-01
IDN,2,ID1902,Belitung,ID19,2020-04-01
IDN,2,ID1903,Bangka Barat,ID19,2020-04-01
IDN,2,ID1904,Bangka Tengah,ID19,2020-04-01
IDN,2,ID1905,Bangka Selatan,ID19,2020-04-01
IDN,2,ID1906,Belitung Timur,ID19,2020-04-01
IDN,2,ID1971,Kota Pangkal Pinang,ID19,2020-04-01
IDN,2,ID2101,Karimun,ID21,2020-04-01
IDN,2,ID2102,Bintan,ID21,2020-04-01
IDN,2,ID2103,Natuna,ID21,2020-04-01
IDN,2,ID2104,Lingga,ID21,2020-04-01
IDN,2,ID2105,Kepulauan Anambas,ID21,2020-04-01
IDN,2,ID2171,Kota Batam,ID21,2020-04-01
IDN,2,ID2172,Kota Tanjung Pinang,ID21,2020-04-01
IDN,2,ID3101,Kepulauan Seribu,ID31,2020-04-01
IDN,2,ID3171,Kota Jakarta Selatan,ID31,2020-04-01
IDN,2,ID3172,Kota Jakarta Timur,ID31,2020-04-01
IDN,2,ID3173,Kota Jakarta Pusat,ID31,2020-04-01
IDN,2,ID3174,Kota Jakarta Barat,ID31,2020-04-01
IDN,2,ID3175,Kota Jakarta Utara,ID31,2020-04-01
IDN,2,ID3201,Bogor,ID32,2020-04-01
IDN,2,ID3202,Sukabumi,ID32,2020-04-01
IDN,2,ID3203,Cianjur,ID32,2020-04-01
IDN,2,ID3204,Bandung,ID32,2020-04-01
IDN,2,ID3205,Garut,ID32,2020-04-01
IDN,2,ID3206,Tasikmalaya,ID32,2020-04-01
IDN,2,ID3207,Ciamis,ID32,2020-04-01
IDN,2,ID3208,Kuningan,ID32,2020-04-01
IDN,2,ID3209,Cirebon,ID32,2020-04-01
IDN,2,ID3210,Majalengka,ID32,2020-04-01
IDN,2,ID3211,Sumedang,ID32,2020-04-01
IDN,2,ID3212,Indramayu,ID32,2020-04-01
IDN,2,ID3213,Subang,ID32,2020-04-01
IDN,2,ID3214,Purwakarta,ID32,2020-04-01
IDN,2,ID3215,Karawang,ID32,2020-04-01
IDN,2,ID3216,Bekasi,ID32,2020-04-01
IDN,2,ID3217,Bandung Barat,ID32,2020-04-01
IDN,2,ID3218,Pangandaran,ID32,2020-04-01
IDN,2,ID3271,Kota Bogor,ID32,2020-04-01
IDN,2,ID3272,Kota Sukabumi,ID32,2020-04-01
IDN,2,ID3273,Kota Bandung,ID32,2020-04-01
IDN,2,ID3274,Kota Cirebon,ID32,2020-04-01
IDN,2,ID3275,Kota Bekasi,ID32,2020-04-01
IDN,2,ID3276,Kota Depok,ID32,2020-04-01
IDN,2,ID3277,Kota Cimahi,ID32,2020-04-01
IDN,2,ID3278,Kota Tasikmalaya,ID32,2020-04-01
IDN,2,ID3279,Kota Banjar,ID32,2020-04-01
IDN,2,ID3288,Waduk Cirata,ID32,2020-04-01
IDN,2,ID3301,Cilacap,ID33,2020-04-01
IDN,2,ID3302,Banyumas,ID33,2020-04-01
IDN,2,ID3303,Purbalingga,ID33,2020-04-01
IDN,2,ID3304,Banjarnegara,ID33,2020-04-01
IDN,2,ID3305,Kebumen,ID33,2020-04-01
IDN,2,ID3306,Purworejo,ID33,2020-04-01
IDN,2,ID3307,Wonosobo,ID33,2020-04-01
IDN,2,ID3308,Magelang,ID33,2020-04-01
IDN,2,ID3309,Boyolali,ID33,2020-04-01
IDN,2,ID3310,Klaten,ID33,2020-04-01
IDN,2,ID3311,Sukoharjo,ID33,2020-04-01
IDN,2,ID3312,Wonogiri,ID33,2020-04-01
IDN,2,ID3313,Karanganyar,ID33,2020-04-01
IDN,2,ID3314,Sragen,ID33,2020-04-01
IDN,2,ID3315,Grobogan,ID33,2020-04-01
IDN,2,ID3316,Blora,ID33,2020-04-01
IDN,2,ID3317,Rembang,ID33,2020-04-01
IDN,2,ID3318,Pati,ID33,2020-04-01
IDN,2,ID3319,Kudus,ID33,2020-04-01
IDN,2,ID3320,Jepara,ID33,2020-04-01
IDN,2,ID3321,Demak,ID33,2020-04-01
IDN,2,ID3322,Semarang,ID33,2020-04-01
IDN,2,ID3323,Temanggung,ID33,2020-04-01
IDN,2,ID3324,Kendal,ID33,2020-04-01
IDN,2,ID3325,Batang,ID33,2020-04-01
IDN,2,ID3326,Pekalongan,ID33,2020-04-01
IDN,2,ID3327,Pemalang,ID33,2020-04-01
IDN,2,ID3328,Tegal,ID33,2020-04-01
IDN,2,ID3329,Brebes,ID33,2020-04-01
IDN,2,ID3371,Kota Magelang,ID33,2020-04-01
IDN,2,ID3372,Kota Surakarta,ID33,2020-04-01
IDN,2,ID3373,Kota Salatiga,ID33,2020-04-01
IDN,2,ID3374,Kota Semarang,ID33,2020-04-01
IDN,2,ID3375,Kota Pekalongan,ID33,2020-04-01
IDN,2,ID3376,Kota Tegal,ID33,2020-04-01
IDN,2,ID3388,Wadung Kedungombo,ID33,2020-04-01
IDN,2,ID3399,Hutan,ID33,2020-04-01
IDN,2,ID3401,Kulon Progo,ID34,2020-04-01
IDN,2,ID3402,Bantul,ID34,2020-04-01
IDN,2,ID3403,Gunung Kidul,ID34,2020-04-01
IDN,2,ID3404,Sleman,ID34,2020-04-01
IDN,2,ID3471,Kota Yogyakarta,ID34,2020-04-01
IDN,2,ID3501,Pacitan,ID35,2020-04-01
IDN,2,ID3502,Ponorogo,ID35,2020-04-01
IDN,2,ID3503,Trenggalek,ID35,2020-04-01
IDN,2,ID3504,Tulungagung,ID35,2020-04-01
IDN,2,ID3505,Blitar,ID35,2020-04-01
IDN,2,ID3506,Kediri,ID35,2020-04-01
IDN,2,ID3507,Malang,ID35,2020-04-01
IDN,2,ID3508,Lumajang,ID35,2020-04-01
IDN,2,ID3509,Jember,ID35,2020-04-01
IDN,2,ID3510,Banyuwangi,ID35,2020-04-01
IDN,2,ID3511,Bondowoso,ID35,2020-04-01
IDN,2,ID3512,Situbondo,ID35,2020-04-01
IDN,2,ID3513,Probolinggo,ID35,2020-04-01
IDN,2,ID3514,Pasuruan,ID35,2020-04-01
IDN,2,ID3515,Sidoarjo,ID35,2020-04-01
IDN,2,ID3516,Mojokerto,ID35,2020-04-01
IDN,2,ID3517,Jombang,ID35,2020-04-01
IDN,2,ID3518,Nganjuk,ID35,2020-04-01
IDN,2,ID3519,Madiun,ID35,2020-04-01
IDN,2,ID3520,Magetan,ID35,2020-04-01
IDN,2,ID3521,Ngawi,ID35,2020-04-01
IDN,2,ID3522,Bojonegoro,ID35,2020-04-01
IDN,2,ID3523,Tuban,ID35,2020-04-01
IDN,2,ID3524,Lamongan,ID35,2020-04-01
IDN,2,ID3525,Gresik,ID35,2020-04-01
IDN,2,ID3526,Bangkalan,ID35,2020-04-01
IDN,2,ID3527,Sampang,ID35,2020-04-01
IDN,2,ID3528,Pamekasan,ID35,2020-04-01
IDN,2,ID3529,Sumenep,ID35,2020-04-01
IDN,2,ID3571,Kota Kediri,ID35,2020-04-01
IDN,2,ID3572,Kota Blitar,ID35,2020-04-01
IDN,2,ID3573,Kota Malang,ID35,2020-04-01
IDN,2,ID3574,Kota Probolinggo,ID35,2020-04-01
IDN,2,ID3575,Kota Pasuruan,ID35,2020-04-01
IDN,2,ID3576,Kota Mojokerto,ID35,2020-04-01
IDN,2,ID3577,Kota Madiun,ID35,2020-04-01
IDN,2,ID3578,Kota Surabaya,ID35,2020-04-01
IDN,2,ID3579,Kota Batu,ID35,2020-04-01
IDN,2,ID3601,Pandeglang,ID36,2020-04-01
IDN,2,ID3602,Lebak,ID36,2020-04-01
IDN,2,ID3603,Tangerang,ID36,2020-04-01
IDN,2,ID3604,Serang,ID36,2020-04-01
IDN,2,ID3671,Kota Tangerang,ID36,2020-04-01
IDN,2,ID3672,Kota Cilegon,ID36,2020-04-01
IDN,2,ID3673,Kota Serang,ID36,2020-04-01
IDN,2,ID3674,Kota Tangerang Selatan,ID36,2020-04-01
IDN,2,ID5101,Jembrana,ID51,2020-04-01
IDN,2,ID5102,Tabanan,ID51,2020-04-01
IDN,2,ID5103,Badung,ID51,2020-04-01
IDN,2,ID5104,Gianyar,ID51,2020-04-01
IDN,2,ID5105,Klungkung,ID51,2020-04-01
IDN,2,ID5106,Bangli,ID51,2020-04-01
IDN,2,ID5107,Karang Asem,ID51,2020-04-01
IDN,2,ID5108,Buleleng,ID51,2020-04-01
IDN,2,ID5171,Kota Denpasar,ID51,2020-04-01
IDN,2,ID5201,Lombok Barat,ID52,2020-04-01
IDN,2,ID5202,Lombok Tengah,ID52,2020-04-01
IDN,2,ID5203,Lombok Timur,ID52,2020-04-01
IDN,2,ID5204,Sumbawa,ID52,2020-04-01
IDN,2,ID5205,Dompu,ID52,2020-04-01
IDN,2,ID5206,Bima,ID52,2020-04-01
IDN,2,ID5207,Sumbawa Barat,ID52,2020-04-01
IDN,2,ID5208,Lombok Utara,ID52,2020-04-01
IDN,2,ID5271,Kota Mataram,ID52,2020-04-01
IDN,2,ID5272,Kota Bima,ID52,2020-04-01
IDN,2,ID5301,Sumba Barat,ID53,2020-04-01
IDN,2,ID5302,Sumba Timur,ID53,2020-04-01
IDN,2,ID5303,Kupang,ID53,2020-04-01
IDN,2,ID5304,Timor Tengah Selatan,ID53,2020-04-01
IDN,2,ID5305,Timor Tengah Utara,ID53,2020-04-01
IDN,2,ID5306,Belu,ID53,2020-04-01
IDN,2,ID5307,Alor,ID53,2020-04-01
IDN,2,ID5308,Lembata,ID53,2020-04-01
IDN,2,ID5309,Flores Timur,ID53,2020-04-01
IDN,2,ID5310,Sikka,ID53,2020-04-01
IDN,2,ID5311,Ende,ID53,2020-04-01
IDN,2,ID5312,Ngada,ID53,2020-04-01
IDN,2,ID5313,Manggarai,ID53,2020-04-01
IDN,2,ID5314,Rote Ndao,ID53,2020-04-01
IDN,2,ID5315,Manggarai Barat,ID53,2020-04-01
IDN,2,ID5316,Sumba Tengah,ID53,2020-04-01
IDN,2,ID5317,Sumba Barat Daya,ID53,2020-04-01
IDN,2,ID5318,Nagekeo,ID53,2020-04-01
IDN,2,ID5319,Manggarai Timur,ID53,2020-04-01
IDN,2,ID5320,Sabu Raijua,ID53,2020-04-01
IDN,2,ID5321,Malaka,ID53,2020-04-01
IDN,2,ID5371,Kota Kupang,ID53,2020-04-01
IDN,2,ID6101,Sambas,ID61,2020-04-01
IDN,2,ID6102,Bengkayang,ID61,2020-04-01
IDN,2,ID6103,Landak,ID61,2020-04-01
IDN,2,ID6104,Mempawah,ID61,2020-04-01
IDN,2,ID6105,Sanggau,ID61,2020-04-01
IDN,2,ID6106,Ketapang,ID61,2020-04-01
IDN,2,ID6107,Sintang,ID61,2020-04-01
IDN,2,ID6108,Kapuas Hulu,ID61,2020-04-01
IDN,2,ID6109,Sekadau,ID61,2020-04-01
IDN,2,ID6110,Melawi,ID61,2020-04-01
IDN,2,ID6111,Kayong Utara,ID61,2020-04-01
IDN,2,ID6112,Kubu Raya,ID61,2020-04-01
IDN,2,ID6171,Kota Pontianak,ID61,2020-04-01
IDN,2,ID6172,Kota Singkawang,ID61,2020-04-01
IDN,2,ID6201,Kotawaringin Barat,ID62,2020-04-01
IDN,2,ID6202,Kotawaringin Timur,ID62,2020-04-01
IDN,2,ID6203,Kapuas,ID62,2020-04-01
IDN,2,ID6204,Barito Selatan,ID62,2020-04-01
IDN,2,ID6205,Barito Utara,ID62,2020-04-01
IDN,2,ID6206,Sukamara,ID62,2020-04-01
IDN,2,ID6207,Lamandau,ID62,2020-04-01
IDN,2,ID6208,Seruyan,ID62,2020-04-01
IDN,2,ID6209,Katingan,ID62,2020-04-01
IDN,2,ID6210,Pulang Pisau,ID62,2020-04-01
IDN,2,ID6211,Gunung Mas,ID62,2020-04-01
IDN,2,ID6212,Barito Timur,ID62,2020-04-01
IDN,2,ID6213,Murung Raya,ID62,2020-04-01
IDN,2,ID6271,Kota Palangka Raya,ID62,2020-04-01
IDN,2,ID6301,Tanah Laut,ID63,2020-04-01
IDN,2,ID6302,Kota Baru,ID63,2020-04-01
IDN,2,ID6303,Banjar,ID63,2020-04-01
IDN,2,ID6304,Barito Kuala,ID63,2020-04-01
IDN,2,ID6305,Tapin,ID63,2020-04-01
IDN,2,ID6306,Hulu Sungai Selatan,ID63,2020-04-01
IDN,2,ID6307,Hulu Sungai Tengah,ID63,2020-04-01
IDN,2,ID6308,Hulu Sungai Utara,ID63,2020-04-01
IDN,2,ID6309,Tabalong,ID63,2020-04-01
IDN,2,ID6310,Tanah Bumbu,ID63,2020-04-01
IDN,2,ID6311,Balangan,ID63,2020-04-01
IDN,2,ID6371,Kota Banjarmasin,ID63,2020-04-01
IDN,2,ID6372,Kota Banjar Baru,ID63,2020-04-01
IDN,2,ID6401,Paser,ID64,2020-04-01
IDN,2,ID6402,Kutai Barat,ID64,2020-04-01
IDN,2,ID6403,Kutai Kartanegara,ID64,2020-04-01
IDN,2,ID6404,Kutai Timur,ID64,2020-04-01
IDN,2,ID6405,Berau,ID64,2020-04-01
IDN,2,ID6409,Penajam Paser Utara,ID64,2020-04-01
IDN,2,ID6411,Mahakam Hulu,ID64,2020-04-01
IDN,2,ID6471,Kota Balikpapan,ID64,2020-04-01
IDN,2,ID6472,Kota Samarinda,ID64,2020-04-01
IDN,2,ID6474,Kota Bontang,ID64,2020-04-01
IDN,2,ID6501,Malinau,ID65,2020-04-01
IDN,2,ID6502,Bulungan,ID65,2020-04-01
IDN,2,ID6503,Tana Tidung,ID65,2020-04-01
IDN,2,ID6504,Nunukan,ID65,2020-04-01
IDN,2,ID6571,Kota Tarakan,ID65,2020-04-01
IDN,2,ID7101,Bolaang Mongondow,ID71,2020-04-01
IDN,2,ID7102,Minahasa,ID71,2020-04-01
IDN,2,ID7103,Kepulauan Sangihe,ID71,2020-04-01
IDN,2,ID7104,Kepulauan Talaud,ID71,2020-04-01
IDN,2,ID7105,Minahasa Selatan,ID71,2020-04-01
IDN,2,ID7106,Minahasa Utara,ID71,2020-04-01
IDN,2,ID7107,Bolaang Mongondow Utara,ID71,2020-04-01
IDN,2,ID7108,Siau Tagulandang Biaro,ID71,2020-04-01
IDN,2,ID7109,Minahasa Tenggara,ID71,2020-04-01
IDN,2,ID7110,Bolaang Mongondow Selatan,ID71,2020-04-01
IDN,2,ID7111,Bolaang Mongondow Timur,ID71,2020-04-01
IDN,2,ID7171,Kota Manado,ID71,2020-04-01
IDN,2,ID7172,Kota Bitung,ID71,2020-04-01
IDN,2,ID7173,Kota Tomohon,ID71,2020-04-01
IDN,2,ID7174,Kota Kotamobagu,ID71,2020-04-01
IDN,2,ID7188,Danau,ID71,2020-04-01
IDN,2,ID7201,Banggai Kepulauan,ID72,2020-04-01
IDN,2,ID7202,Banggai,ID72,2020-04-01
IDN,2,ID7203,Morowali,ID72,2020-04-01
IDN,2,ID7204,Poso,ID72,2020-04-01
IDN,2,ID7205,Donggala,ID72,2020-04-01
IDN,2,ID7206,Toli-Toli,ID72,2020-04-01
IDN,2,ID7207,Buol,ID72,2020-04-01
IDN,2,ID7208,Parigi Moutong,ID72,2020-04-01
IDN,2,ID7209,Tojo Una-Una,ID72,2020-04-01
IDN,2,ID7210,Sigi,ID72,2020-04-01
IDN,2,ID7211,Banggai Laut,ID72,2020-04-01
IDN,2,ID7212,Morowali Utara,ID72,2020-04-01
IDN,2,ID7271,Kota Palu,ID72,2020-04-01
IDN,2,ID7301,Kepulauan Selayar,ID73,2020-04-01
IDN,2,ID7302,Bulukumba,ID73,2020-04-01
IDN,2,ID7303,Bantaeng,ID73,2020-04-01
IDN,2,ID7304,Jeneponto,ID73,2020-04-01
IDN,2,ID7305,Takalar,ID73,2020-04-01
IDN,2,ID7306,Gowa,ID73,2020-04-01
IDN,2,ID7307,Sinjai,ID73,2020-04-01
IDN,2,ID7308,Maros,ID73,2020-04-01
IDN,2,ID7309,Pangkajene Dan Kepulauan,ID73,2020-04-01
IDN,2,ID7310,Barru,ID73,2020-04-01
IDN,2,ID7311,Bone,ID73,2020-04-01
IDN,2,ID7312,Soppeng,ID73,2020-04-01
IDN,2,ID7313,Wajo,ID73,2020-04-01
IDN,2,ID7314,Sidenreng Rappang,ID73,2020-04-01
IDN,2,ID7315,Pinrang,ID73,2020-04-01
IDN,2,ID7316,Enrekang,ID73,2020-04-01
IDN,2,ID7317,Luwu,ID73,2020-04-01
IDN,2,ID7318,Tana Toraja,ID73,2020-04-01
IDN,2,ID7322,Luwu Utara,ID73,2020-04-01
IDN,2,ID7325,Luwu Timur,ID73,2020-04-01
IDN,2,ID7326,Toraja Utara,ID73,2020-04-01
IDN,2,ID7371,Kota Makassar,ID73,2020-04-01
IDN,2,ID7372,Kota Parepare,ID73,2020-04-01
IDN,2,ID7373,Kota Palopo,ID73,2020-04-01
IDN,2,ID7401,Buton,ID74,2020-04-01
IDN,2,ID7402,Muna,ID74,2020-04-01
IDN,2,ID7403,Konawe,ID74,2020-04-01
IDN,2,ID7404,Kolaka,ID74,2020-04-01
IDN,2,ID7405,Konawe Selatan,ID74,2020-04-01
IDN,2,ID7406,Bombana,ID74,2020-04-01
IDN,2,ID7407,Wakatobi,ID74,2020-04-01
IDN,2,ID7408,Kolaka Utara,ID74,2020-04-01
IDN,2,ID7409,Buton Utara,ID74,2020-04-01
IDN,2,ID7410,Konawe Utara,ID74,2020-04-01
IDN,2,ID7411,Kolaka Timur,ID74,2020-04-01
IDN,2,ID7412,Konawe Kepulauan,ID74,2020-04-01
IDN,2,ID7413,Muna Barat,ID74,2020-04-01
IDN,2,ID7414,Buton Tengah,ID74,2020-04-01
IDN,2,ID7415,Buton Selatan,ID74,2020-04-01
IDN,2,ID7471,Kota Kendari,ID74,2020-04-01
IDN,2,ID7472,Kota Baubau,ID74,2020-04-01
IDN,2,ID7501,Boalemo,ID75,2020-04-01
IDN,2,ID7502,Gorontalo,ID75,2020-04-01
IDN,2,ID7503,Pohuwato,ID75,2020-04-01
IDN,2,ID7504,Bone Bolango,ID75,2020-04-01
IDN,2,ID7505,Gorontalo Utara,ID75,2020-04-01
IDN,2,ID7571,Kota Gorontalo,ID75,2020-04-01
IDN,2,ID7601,Majene,ID76,2020-04-01
IDN,2,ID7602,Polewali Mandar,ID76,2020-04-01
IDN,2,ID7603,Mamasa,ID76,2020-04-01
IDN,2,ID7604,Mamuju,ID76,2020-04-01
IDN,2,ID7605,Mamuju Utara,ID76,2020-04-01
IDN,2,ID7606,Mamuju Tengah,ID76,2020-04-01
IDN,2,ID8101,Maluku Tenggara Barat,ID81,2020-04-01
IDN,2,ID8102,Maluku Tenggara,ID81,2020-04-01
IDN,2,ID8103,Maluku Tengah,ID81,2020-04-01
IDN,2,ID8104,Buru,ID81,2020-04-01
IDN,2,ID8105,Kepulauan Aru,ID81,2020-04-01
IDN,2,ID8106,Seram Bagian Barat,ID81,2020-04-01
IDN,2,ID8107,Seram Bagian Timur,ID81,2020-04-01
IDN,2,ID8108,Maluku Barat Daya,ID81,2020-04-01
IDN,2,ID8109,Buru Selatan,ID81,2020-04-01
IDN,2,ID8171,Kota Ambon,ID81,2020-04-01
IDN,2,ID8172,Kota Tual,ID81,2020-04-01
IDN,2,ID8201,Halmahera Barat,ID82,2020-04-01
IDN,2,ID8202,Halmahera Tengah,ID82,2020-04-01
IDN,2,ID8203,Kepulauan Sula,ID82,2020-04-01
IDN,2,ID8204,Halmahera Selatan,ID82,2020-04-01
IDN,2,ID8205,Halmahera Utara,ID82,2020-04-01
IDN,2,ID8206,Halmahera Timur,ID82,2020-04-01
IDN,2,ID8207,Pulau Morotai,ID82,2020-04-01
IDN,2,ID8208,Pulau Taliabu,ID82,2020-04-01
IDN,2,ID8271,Kota Ternate,ID82,2020-04-01
IDN,2,ID8272,Kota Tidore Kepulauan,ID82,2020-04-01
IDN,2,ID9101,Fakfak,ID91,2020-04-01
IDN,2,ID9102,Kaimana,ID91,2020-04-01
IDN,2,ID9103,Teluk Wondama,ID91,2020-04-01
IDN,2,ID9104,Teluk Bintuni,ID91,2020-04-01
IDN,2,ID9105,Manokwari,ID91,2020-04-01
IDN,2,ID9106,Sorong Selatan,ID91,2020-04-01
IDN,2,ID9107,Sorong,ID91,2020-04-01
IDN,2,ID9108,Raja Ampat,ID91,2020-04-01
IDN,2,ID9109,Tambrauw,ID91,2020-04-01
IDN,2,ID9110,Maybrat,ID91,2020-04-01
IDN,2,ID9111,Manokwari Selatan,ID91,2020-04-01
IDN,2,ID9112,Pegunungan Arfak,ID91,2020-04-01
IDN,2,ID9171,Kota Sorong,ID91,2020-04-01
IDN,2,ID9401,Merauke,ID94,2020-04-01
IDN,2,ID9402,Jayawijaya,ID94,2020-04-01
IDN,2,ID9403,Jayapura,ID94,2020-04-01
IDN,2,ID9404,Nabire,ID94,2020-04-01
IDN,2,ID9408,Kepulauan Yapen,ID94,2020-04-01
IDN,2,ID9409,Biak Numfor,ID94,2020-04-01
IDN,2,ID9410,Paniai,ID94,2020-04-01
IDN,2,ID9411,Puncak Jaya,ID94,2020-04-01
IDN,2,ID9412,Mimika,ID94,2020-04-01
IDN,2,ID9413,Boven Digoel,ID94,2020-04-01
IDN,2,ID9414,Mappi,ID94,2020-04-01
IDN,2,ID9415,Asmat,ID94,2020-04-01
IDN,2,ID9416,Yahukimo,ID94,2020-04-01
IDN,2,ID9417,Pegunungan Bintang,ID94,2020-04-01
IDN,2,ID9418,Tolikara,ID94,2020-04-01
IDN,2,ID9419,Sarmi,ID94,2020-04-01
IDN,2,ID9420,Keerom,ID94,2020-04-01
IDN,2,ID9426,Waropen,ID94,2020-04-01
IDN,2,ID9427,Supiori,ID94,2020-04-01
IDN,2,ID9428,Mamberamo Raya,ID94,2020-04-01
IDN,2,ID9429,Nduga,ID94,2020-04-01
IDN,2,ID9430,Lanny Jaya,ID94,2020-04-01
IDN,2,ID9431,Mamberamo Tengah,ID94,2020-04-01
IDN,2,ID9432,Yalimo,ID94,2020-04-01
IDN,2,ID9433,Puncak,ID94,2020-04-01
IDN,2,ID9434,Dogiyai,ID94,2020-04-01
IDN,2,ID9435,Intan Jaya,ID94,2020-04-01
IDN,2,ID9436,Deiyai,ID94,2020-04-01
IDN,2,ID9471,Kota Jayapura,ID94,2020-04-01
